{
    "0": -7.7123207545039,
    "1": -7.458134171671,
    "2": -7.175704635190001,
    "3": -6.861894039100001,
    "4": -6.5132155990000005,
    "5": -6.12579511,
    "6": -5.6953279000000006,
    "7": -5.217031,
    "8": -4.68559,
    "9": -4.0951,
    "10": -3.439,
    "11": -2.71,
    "12": -7.458134171671,
    "13": -7.175704635190001,
    "14": -6.861894039100001,
    "15": -6.5132155990000005,
    "16": -6.12579511,
    "17": -5.6953279000000006,
    "18": -5.217031,
    "19": -4.68559,
    "20": -4.0951,
    "21": -3.439,
    "22": -2.71,
    "23": -1.9,
    "24": -7.175704635190001,
    "25": -6.861894039100001,
    "26": -6.5132155990000005,
    "27": -6.12579511,
    "28": -5.6953279000000006,
    "29": -5.217031,
    "30": -4.68559,
    "31": -4.0951,
    "32": -3.439,
    "33": -2.71,
    "34": -1.9,
    "35": -1.0,
    "36": -7.458134171671,
    "37": -7.175704635190001,
    "38": -6.861894039100001,
    "39": -6.5132155990000005,
    "40": -6.12579511,
    "41": -5.6953279000000006,
    "42": -5.217031,
    "43": -4.68559,
    "44": -4.0951,
    "45": -3.439,
    "46": -1.0,
    "47": 0
}