{
    "[0, 0]": -7.94108867905351,
    "[0, 1]": -7.7123207545039,
    "[0, 2]": -7.7123207545039,
    "[0, 3]": -7.94108867905351,
    "[1, 0]": -7.7123207545039,
    "[1, 1]": -7.458134171671,
    "[1, 2]": -7.458134171671,
    "[1, 3]": -7.94108867905351,
    "[2, 0]": -7.458134171671,
    "[2, 1]": -7.175704635190001,
    "[2, 2]": -7.175704635190001,
    "[2, 3]": -7.7123207545039,
    "[3, 0]": -7.175704635190001,
    "[3, 1]": -6.861894039100001,
    "[3, 2]": -6.861894039100001,
    "[3, 3]": -7.458134171671,
    "[4, 0]": -6.861894039100001,
    "[4, 1]": -6.5132155990000005,
    "[4, 2]": -6.5132155990000005,
    "[4, 3]": -7.175704635190001,
    "[5, 0]": -6.5132155990000005,
    "[5, 1]": -6.12579511,
    "[5, 2]": -6.12579511,
    "[5, 3]": -6.861894039100001,
    "[6, 0]": -6.12579511,
    "[6, 1]": -5.6953279000000006,
    "[6, 2]": -5.6953279000000006,
    "[6, 3]": -6.5132155990000005,
    "[7, 0]": -5.6953279000000006,
    "[7, 1]": -5.217031,
    "[7, 2]": -5.217031,
    "[7, 3]": -6.12579511,
    "[8, 0]": -5.217031,
    "[8, 1]": -4.68559,
    "[8, 2]": -4.68559,
    "[8, 3]": -5.6953279000000006,
    "[9, 0]": -4.68559,
    "[9, 1]": -4.0951,
    "[9, 2]": -4.0951,
    "[9, 3]": -5.217031,
    "[10, 0]": -4.0951,
    "[10, 1]": -3.439,
    "[10, 2]": -3.439,
    "[10, 3]": -4.68559,
    "[11, 0]": -3.439,
    "[11, 1]": -3.439,
    "[11, 2]": -2.71,
    "[11, 3]": -4.0951,
    "[12, 0]": -7.94108867905351,
    "[12, 1]": -7.458134171671,
    "[12, 2]": -7.94108867905351,
    "[12, 3]": -7.7123207545039,
    "[13, 0]": -7.7123207545039,
    "[13, 1]": -7.175704635190001,
    "[13, 2]": -7.7123207545039,
    "[13, 3]": -7.7123207545039,
    "[14, 0]": -7.458134171671,
    "[14, 1]": -6.861894039100001,
    "[14, 2]": -7.458134171671,
    "[14, 3]": -7.458134171671,
    "[15, 0]": -7.175704635190001,
    "[15, 1]": -6.5132155990000005,
    "[15, 2]": -7.175704635190001,
    "[15, 3]": -7.175704635190001,
    "[16, 0]": -6.861894039100001,
    "[16, 1]": -6.12579511,
    "[16, 2]": -6.861894039100001,
    "[16, 3]": -6.861894039100001,
    "[17, 0]": -6.5132155990000005,
    "[17, 1]": -5.6953279000000006,
    "[17, 2]": -6.5132155990000005,
    "[17, 3]": -6.5132155990000005,
    "[18, 0]": -6.12579511,
    "[18, 1]": -5.217031,
    "[18, 2]": -6.12579511,
    "[18, 3]": -6.12579511,
    "[19, 0]": -5.6953279000000006,
    "[19, 1]": -4.68559,
    "[19, 2]": -5.6953279000000006,
    "[19, 3]": -5.6953279000000006,
    "[20, 0]": -5.217031,
    "[20, 1]": -4.0951,
    "[20, 2]": -5.217031,
    "[20, 3]": -5.217031,
    "[21, 0]": -4.68559,
    "[21, 1]": -3.439,
    "[21, 2]": -4.68559,
    "[21, 3]": -4.68559,
    "[22, 0]": -4.0951,
    "[22, 1]": -2.71,
    "[22, 2]": -4.0951,
    "[22, 3]": -4.0951,
    "[23, 0]": -3.439,
    "[23, 1]": -2.71,
    "[23, 2]": -1.9,
    "[23, 3]": -3.439,
    "[24, 0]": -7.7123207545039,
    "[24, 1]": -7.7123207545039,
    "[24, 2]": -8.14697981114816,
    "[24, 3]": -7.94108867905351,
    "[25, 0]": -7.458134171671,
    "[25, 1]": -7.458134171671,
    "[25, 2]": -107.14697981114816,
    "[25, 3]": -7.94108867905351,
    "[26, 0]": -7.175704635190001,
    "[26, 1]": -7.175704635190001,
    "[26, 2]": -107.14697981114816,
    "[26, 3]": -7.7123207545039,
    "[27, 0]": -6.861894039100001,
    "[27, 1]": -6.861894039100001,
    "[27, 2]": -107.14697981114816,
    "[27, 3]": -7.458134171671,
    "[28, 0]": -6.5132155990000005,
    "[28, 1]": -6.5132155990000005,
    "[28, 2]": -107.14697981114816,
    "[28, 3]": -7.175704635190001,
    "[29, 0]": -6.12579511,
    "[29, 1]": -6.12579511,
    "[29, 2]": -107.14697981114816,
    "[29, 3]": -6.861894039100001,
    "[30, 0]": -5.6953279000000006,
    "[30, 1]": -5.6953279000000006,
    "[30, 2]": -107.14697981114816,
    "[30, 3]": -6.5132155990000005,
    "[31, 0]": -5.217031,
    "[31, 1]": -5.217031,
    "[31, 2]": -107.14697981114816,
    "[31, 3]": -6.12579511,
    "[32, 0]": -4.68559,
    "[32, 1]": -4.68559,
    "[32, 2]": -107.14697981114816,
    "[32, 3]": -5.6953279000000006,
    "[33, 0]": -4.0951,
    "[33, 1]": -4.0951,
    "[33, 2]": -107.14697981114816,
    "[33, 3]": -5.217031,
    "[34, 0]": -3.439,
    "[34, 1]": -1.9,
    "[34, 2]": -107.14697981114816,
    "[34, 3]": -4.68559,
    "[35, 0]": -2.71,
    "[35, 1]": -1.9,
    "[35, 2]": -1.0,
    "[35, 3]": -4.0951,
    "[36, 0]": -7.94108867905351,
    "[36, 1]": -107.14697981114816,
    "[36, 2]": -8.14697981114816,
    "[36, 3]": -8.14697981114816,
    "[37, 0]": -7.7123207545039,
    "[37, 1]": -107.14697981114816,
    "[37, 2]": -107.14697981114816,
    "[37, 3]": -8.14697981114816,
    "[38, 0]": -7.458134171671,
    "[38, 1]": -107.14697981114816,
    "[38, 2]": -107.14697981114816,
    "[38, 3]": -107.14697981114816,
    "[39, 0]": -7.175704635190001,
    "[39, 1]": -107.14697981114816,
    "[39, 2]": -107.14697981114816,
    "[39, 3]": -107.14697981114816,
    "[40, 0]": -6.861894039100001,
    "[40, 1]": -107.14697981114816,
    "[40, 2]": -107.14697981114816,
    "[40, 3]": -107.14697981114816,
    "[41, 0]": -6.5132155990000005,
    "[41, 1]": -107.14697981114816,
    "[41, 2]": -107.14697981114816,
    "[41, 3]": -107.14697981114816,
    "[42, 0]": -6.12579511,
    "[42, 1]": -107.14697981114816,
    "[42, 2]": -107.14697981114816,
    "[42, 3]": -107.14697981114816,
    "[43, 0]": -5.6953279000000006,
    "[43, 1]": -107.14697981114816,
    "[43, 2]": -107.14697981114816,
    "[43, 3]": -107.14697981114816,
    "[44, 0]": -5.217031,
    "[44, 1]": -107.14697981114816,
    "[44, 2]": -107.14697981114816,
    "[44, 3]": -107.14697981114816,
    "[45, 0]": -4.68559,
    "[45, 1]": -107.14697981114816,
    "[45, 2]": -107.14697981114816,
    "[45, 3]": -107.14697981114816,
    "[46, 0]": -4.0951,
    "[46, 1]": -1.0,
    "[46, 2]": -107.14697981114816,
    "[46, 3]": -107.14697981114816,
    "[47, 0]": 0,
    "[47, 1]": 0,
    "[47, 2]": 0,
    "[47, 3]": 0
}